"0","retention_cost_per_customer <- 100  "
"0","annual_retention_budget <- at_risk_customers * retention_cost_per_customer"
"0",""
"0","# Output the results"
"0","cat(""Total CLV for the entire population:"", total_CLV, ""\n"")"
"1","Total CLV for the entire population:"
"1"," "
"1","25954174931"
"1"," "
"1","
"
"0","cat(""Number of at-risk subscribers within a year:"", at_risk_customers, ""\n"")"
"1","Number of at-risk subscribers within a year:"
"1"," "
"1","216"
"1"," "
"1","
"
"0","cat(""Annual retention budget:"", annual_retention_budget, ""\n"")"
"1","Annual retention budget:"
"1"," "
"1","21600"
"1"," "
"1","
"
